ID,Name,Age,Salary,Department,JoinDate,City,EmploymentStatus,PerformanceScore,Bonus
1,Arun,58,45795,Operations,10-05-2012,Bangalore,Terminated,1.73,12964
2,Kumar,40,84886,It,12-04-2011,Chennai,On Leave,1.4,15423
3,Bob,55,90263,Sales,11-05-2010,Mumbai,Resigned,1.08,1769
4,Kumar,43,92955,Hr,30-08-2016,Delhi,Active,1.73,7420
5,Nina,52,83707,Sales,09-04-2019,Mumbai,Active,3.1,9666
6,Bob,47,32747,Hr,02-09-2012,Delhi,Active,3.01,4005
7,David,22,99092,It,26-08-2020,Hyderabad,Resigned,3.72,15502
8,Alice,37,40627,It,24-08-2011,Mumbai,Active,4.86,9433
9,John,28,53897,Finance,25-02-2017,Hyderabad,Terminated,1.92,10646
10,David,27,140510,Finance,04-02-2010,Kolkata,Active,4.64,2585
11,David,41,119475,Operations,01-06-2018,Unknown,On Leave,2.7,11805
12,Bob,23,70757,Operations,09-02-2014,Bangalore,Resigned,4.88,7873
13,Nina,53,67065,Finance,05-06-2015,Bangalore,Active,4.71,12534
14,John,27,70397,Sales,26-05-2020,Bangalore,On Leave,3.08,9529
15,Nina,43,42185,Operations,22-04-2023,Mumbai,On Leave,3.43,8208
16,Bob,48,81214,Marketing,20-08-2020,Kolkata,On Leave,1.3,9006
17,Nina,28,92592,Hr,21-07-2015,Bangalore,Active,2.17,16422
18,Arun,41,117538,Hr,27-01-2011,Unknown,Resigned,3.92,13666
19,Alice,24,33561,It,28-03-2016,Bangalore,Resigned,3.6,9392
20,Sara,27,108603,Finance,02-07-2018,Hyderabad,On Leave,1.25,3454
21,Kumar,41,126354,Marketing,24-06-2017,Unknown,On Leave,3.55,10762
22,Arun,20,128018,It,14-05-2017,Hyderabad,Resigned,4.04,1502
23,Sheik,33,120982,Sales,16-04-2022,Chennai,Terminated,3.84,18868
24,Kumar,51,147478,Operations,18-07-2011,Kolkata,Resigned,3.25,19141
25,Arun,56,135878,Finance,06-08-2014,Hyderabad,Resigned,4.02,2059
26,John,32,92623,Marketing,19-09-2014,Kolkata,Active,3.78,11817
27,Bob,25,125003,It,07-12-2019,Mumbai,Active,2.67,11173
28,Arun,30,48047,It,10-03-2014,Bangalore,Resigned,1.49,12494
29,Kumar,52,60080,Hr,30-07-2013,Chennai,Resigned,2.71,10474
30,Nina,58,88053,Finance,28-12-2022,Mumbai,Resigned,2.94,14545
31,Kumar,43,64766,Marketing,08-06-2019,Mumbai,Resigned,1.88,18879
32,Sara,41,82733,Sales,20-06-2019,Hyderabad,On Leave,3.85,2636
33,Sheik,36,145386,Marketing,01-12-2015,Bangalore,Active,4.91,10646
34,Bob,42,120084,Finance,07-07-2019,Kolkata,Active,3.72,19091
35,Sheik,45,134095,Finance,30-09-2014,Hyderabad,Resigned,1.97,5931
36,Bob,30,139751,Sales,20-07-2021,Kolkata,Terminated,1.97,5389
37,Alice,43,87901,It,10-01-2018,Hyderabad,On Leave,4.93,2930
38,Arun,35,55184,Marketing,Unknown,Kolkata,Terminated,2.28,12589
39,Sheik,35,45708,Sales,Unknown,Delhi,On Leave,3.36,15243
40,Sheik,41,64754,Hr,27-05-2010,Bangalore,Terminated,2.39,10646
41,Kumar,52,113879,Finance,13-07-2016,Hyderabad,Active,4.35,2802
42,Arun,47,103656,Finance,13-02-2021,Bangalore,Resigned,3.78,17646
43,Kumar,35,126601,Hr,16-09-2011,Chennai,Active,3.22,12835
44,Kumar,21,61616,It,12-03-2020,Hyderabad,On Leave,3.23,8158
45,Kumar,28,37400,Hr,06-09-2018,Bangalore,Terminated,3.8,19639
46,Sara,22,34499,Finance,27-09-2018,Chennai,On Leave,4.55,13874
47,Priya,27,35539,Marketing,16-12-2013,Unknown,Terminated,3.01,16586
48,Bob,44,112018,Marketing,10-01-2016,Hyderabad,Resigned,1.02,15207
49,Priya,37,107505,Marketing,09-11-2017,Mumbai,Resigned,2.79,18340
50,Bob,55,120272,Finance,21-04-2022,Delhi,Terminated,2.3,4987
51,Kumar,27,76214,Finance,03-05-2013,Chennai,Resigned,3.63,12296
52,John,31,137450,Sales,02-07-2022,Bangalore,Terminated,2.06,7893
53,Sheik,49,109909,Marketing,30-05-2019,Delhi,Active,2.95,6895
54,Arun,46,60746,Hr,14-08-2010,Bangalore,On Leave,2.4,8022
55,John,52,124660,Unknown,26-05-2018,Mumbai,Terminated,3.89,13946
56,Sheik,23,132946,Marketing,18-07-2018,Mumbai,Resigned,1.17,19589
57,Bob,48,112989,Finance,07-06-2019,Chennai,Resigned,4.53,2060
58,Sheik,43,33420,It,29-10-2010,Hyderabad,Terminated,4.87,1699
59,Kumar,52,95726,It,19-04-2016,Kolkata,Terminated,2.54,7102
60,David,52,148015,Sales,18-04-2019,Kolkata,Active,1.68,2816
61,Sara,50,53093,Sales,24-07-2011,Chennai,On Leave,4.72,4863
62,Arun,41,34014,Operations,11-12-2017,Delhi,Resigned,2.43,17538
63,Priya,21,75017,Finance,24-02-2012,Kolkata,Active,4.39,8560
64,Priya,58,84748,Finance,07-09-2017,Delhi,Resigned,2.68,19225
65,Priya,44,40647,Finance,09-06-2011,Chennai,Active,1.33,13323
66,Arun,39,32368,Marketing,14-07-2020,Unknown,Active,3.81,5495
67,Sheik,33,121083,Finance,Unknown,Bangalore,On Leave,2.5,14121
68,Bob,51,40966,Hr,06-06-2015,Chennai,Terminated,3.01,17958
69,John,41,85609,It,12-09-2014,Bangalore,Resigned,1.16,16338
70,Sara,56,143632,Unknown,22-07-2018,Kolkata,Terminated,2.09,16979
71,Arun,41,117142,Operations,02-05-2023,Bangalore,Resigned,1.21,5142
72,Sara,54,87901,Marketing,13-12-2021,Unknown,On Leave,4.88,14417
73,Alice,49,121794,Hr,05-01-2023,Delhi,Active,2.6,15098
74,John,47,133481,Finance,01-10-2013,Chennai,Active,1.1,9308
75,David,41,31150,Finance,16-04-2015,Delhi,Terminated,2.64,2081
76,Sara,20,76175,Marketing,Unknown,Chennai,Active,1.73,17244
77,Bob,20,33343,Hr,22-02-2021,Mumbai,On Leave,3.63,17964
78,Bob,41,89638,Finance,14-08-2018,Chennai,On Leave,3.26,10646
79,Bob,56,102789,Operations,07-07-2017,Unknown,On Leave,2.37,10435
80,Bob,24,74078,Finance,12-11-2015,Delhi,Active,4.42,12151
81,David,45,65247,Finance,21-09-2022,Bangalore,Active,2.39,5452
82,John,42,134185,Operations,20-10-2017,Chennai,Terminated,2.04,12922
83,Arun,51,87901,Finance,12-10-2012,Chennai,Terminated,3.63,5611
84,Sara,35,81991,Finance,02-12-2010,Bangalore,Terminated,3.57,17347
85,David,51,90890,Sales,01-05-2012,Delhi,Active,3.01,7833
86,Sheik,54,65195,Finance,18-04-2014,Mumbai,Terminated,2.83,3738
87,David,56,133691,Sales,18-09-2020,Hyderabad,On Leave,1.83,11636
88,Sheik,31,68494,Marketing,28-03-2019,Delhi,Active,1.07,3082
89,John,42,123008,It,17-06-2021,Delhi,Terminated,2.28,17281
90,Arun,41,105353,It,28-05-2018,Delhi,Terminated,4.26,9808
91,Arun,26,33267,Operations,05-04-2012,Mumbai,On Leave,3.79,12338
92,Sara,48,87901,Operations,30-12-2011,Kolkata,Terminated,4.21,10646
93,Arun,56,48888,Hr,15-02-2018,Hyderabad,Resigned,4.23,17048
94,David,54,115999,Marketing,21-04-2014,Mumbai,Resigned,2.49,3143
95,Sara,43,118726,Operations,25-04-2021,Mumbai,Terminated,1.95,6644
96,Alice,42,142856,Operations,24-12-2017,Bangalore,Active,1.41,14584
97,Priya,39,76959,Hr,30-12-2011,Hyderabad,Resigned,2.28,1698
98,David,38,87901,Marketing,31-01-2011,Hyderabad,Active,4.83,5171
99,David,28,65270,Finance,25-12-2014,Kolkata,Active,4.8,6486
100,Nina,35,116900,It,07-08-2018,Hyderabad,On Leave,2.17,12130
101,Sheik,40,135955,Operations,16-12-2019,Kolkata,On Leave,4.17,2062
102,Nina,58,118461,Finance,08-01-2019,Bangalore,On Leave,1.22,6334
103,Kumar,48,132634,Sales,09-04-2023,Mumbai,Resigned,1.57,18337
104,Sara,36,107052,Hr,15-01-2019,Hyderabad,Terminated,1.34,14964
105,Alice,59,69081,Sales,13-03-2018,Delhi,Resigned,4.57,18924
106,Sara,48,84693,Hr,14-07-2016,Delhi,On Leave,3.33,10580
107,Nina,20,113285,Finance,15-05-2011,Mumbai,Resigned,1.95,8494
108,Sara,44,87901,Finance,01-03-2013,Delhi,Terminated,2.4,2810
109,Bob,58,148874,Sales,15-12-2011,Kolkata,Active,4.63,16485
110,Kumar,22,116188,Marketing,01-01-2023,Mumbai,Terminated,2.62,4709
111,Nina,39,85771,Sales,01-04-2011,Chennai,On Leave,1.47,10576
112,Alice,58,82224,It,20-06-2015,Delhi,Resigned,1.95,1504
113,John,44,63591,Marketing,17-07-2012,Chennai,Terminated,1.89,17517
114,Sheik,51,52700,Operations,27-01-2015,Hyderabad,Terminated,2.29,12003
115,Arun,56,121362,Operations,14-08-2019,Delhi,On Leave,3.09,18640
116,David,33,82638,It,25-10-2019,Mumbai,Active,3.51,9053
117,Alice,22,49087,Operations,16-04-2011,Mumbai,Terminated,1.18,14323
118,Nina,29,40975,Finance,02-10-2017,Mumbai,Terminated,4.56,1667
119,Nina,27,39337,Finance,17-06-2021,Chennai,Resigned,2.55,8483
120,Kumar,47,87901,It,05-08-2023,Kolkata,Terminated,4.9,7042
121,Arun,36,68088,Hr,13-11-2016,Hyderabad,Resigned,3.74,18308
122,Arun,41,64349,Marketing,07-02-2019,Mumbai,Terminated,4.76,17639
123,John,24,80990,Marketing,29-04-2015,Delhi,On Leave,2.67,6124
124,Sheik,52,91813,Operations,03-08-2018,Bangalore,On Leave,2.92,10646
125,John,30,92292,Finance,21-05-2021,Unknown,Terminated,3.01,7970
126,John,46,116704,Operations,14-12-2020,Hyderabad,Terminated,2.87,8266
127,Bob,20,30404,Marketing,19-08-2022,Bangalore,Terminated,3.77,10860
128,Sheik,57,110642,Operations,31-12-2013,Kolkata,Terminated,3.34,4636
129,John,56,34809,Hr,10-06-2021,Chennai,Terminated,1.99,6997
130,Nina,20,75106,Hr,02-02-2023,Hyderabad,On Leave,3.42,5544
131,Nina,59,138319,Operations,13-09-2015,Chennai,Resigned,2.43,10646
132,Arun,58,44489,Marketing,07-09-2010,Delhi,Active,3.08,11357
133,Alice,22,124074,It,12-12-2021,Hyderabad,Active,4.27,9427
134,Arun,24,54285,It,21-04-2023,Bangalore,Resigned,2.61,16254
135,David,34,31252,Marketing,25-11-2020,Bangalore,On Leave,3.82,16781
136,Sheik,53,36949,Finance,22-08-2013,Kolkata,Active,3.36,7941
137,Alice,34,53386,Unknown,18-10-2016,Delhi,Terminated,4.62,18715
138,Sara,57,86800,Hr,20-09-2013,Mumbai,Terminated,2.59,5854
139,John,36,146868,Hr,25-05-2023,Hyderabad,On Leave,1.59,10646
140,Bob,53,103477,Marketing,10-10-2021,Kolkata,Terminated,1.84,13015
141,Sheik,30,146594,Finance,31-01-2012,Bangalore,Terminated,2.84,16183
142,John,50,36090,It,08-06-2019,Chennai,On Leave,3.79,13647
143,Sheik,23,138215,Operations,08-10-2010,Delhi,Terminated,4.59,4266
144,Sara,46,99724,Sales,03-11-2011,Unknown,Active,1.69,12314
145,Sara,38,87108,It,13-11-2022,Kolkata,Terminated,2.39,14716
146,Alice,25,134680,Hr,08-06-2011,Delhi,On Leave,1.83,19977
147,Priya,33,121865,Finance,15-04-2016,Kolkata,Active,2.92,11453
148,Priya,49,140698,Finance,18-11-2017,Chennai,Active,2.51,5432
149,Arun,45,94291,Hr,18-08-2015,Bangalore,Active,3.99,10646
150,Priya,34,87901,Finance,01-10-2011,Hyderabad,On Leave,4.7,9717
151,Kumar,45,58699,Operations,27-10-2015,Kolkata,Terminated,2.85,17748
152,Kumar,45,34621,Hr,19-08-2023,Hyderabad,Terminated,3.85,19030
153,Nina,42,114717,It,12-03-2014,Chennai,On Leave,1.43,8673
154,Alice,57,135186,Operations,22-03-2015,Mumbai,Resigned,1.97,9152
155,Sara,56,40267,It,15-12-2011,Chennai,Resigned,3.26,18680
156,Alice,58,36229,Unknown,06-05-2010,Chennai,Terminated,1.48,7288
157,John,32,139779,Hr,23-05-2014,Delhi,Terminated,2.42,17616
158,Priya,37,56734,Operations,08-07-2021,Kolkata,Active,3.95,13910
159,Priya,27,107735,Sales,08-10-2016,Chennai,Resigned,2.35,16679
160,Alice,53,105703,Operations,20-06-2016,Delhi,Active,4.95,4812
161,Sara,52,146148,Unknown,02-06-2017,Kolkata,On Leave,1.9,2605
162,Sara,41,107149,It,19-08-2019,Kolkata,On Leave,2.14,14918
163,Nina,43,57446,Sales,06-03-2013,Chennai,Resigned,1.32,3590
164,David,59,34324,Finance,08-02-2017,Unknown,Active,4.99,17389
165,Nina,21,71427,It,02-06-2021,Mumbai,Active,4.46,9837
166,Arun,49,114471,Marketing,29-09-2021,Hyderabad,Active,3.23,14703
167,Sara,45,76514,Marketing,Unknown,Kolkata,Active,3.84,17608
168,John,39,66976,Hr,29-09-2022,Kolkata,Resigned,3.83,13941
169,John,57,31828,Hr,02-04-2015,Delhi,On Leave,1.62,7988
170,Sheik,22,50128,Operations,20-06-2012,Bangalore,Resigned,2.35,1009
171,Sara,24,117958,Marketing,01-08-2014,Bangalore,Terminated,4.96,19444
172,Alice,59,64387,Finance,17-11-2010,Chennai,Resigned,1.56,11568
173,Priya,36,147512,Operations,18-06-2015,Chennai,Resigned,2.89,4490
174,Nina,49,72078,Operations,24-05-2014,Chennai,Active,4.32,1235
175,Bob,33,97444,Hr,11-01-2011,Mumbai,Active,4.96,9162
176,John,41,147248,Operations,15-04-2019,Hyderabad,On Leave,3.3,6951
177,Arun,48,38007,Hr,17-07-2020,Hyderabad,Active,4.18,16524
178,Sara,24,49282,Hr,19-03-2010,Chennai,Resigned,3.09,17984
179,Kumar,44,73303,Unknown,07-02-2015,Kolkata,Resigned,2.76,7943
180,Sara,57,101520,Operations,15-10-2022,Unknown,Resigned,3.01,3192
181,Sheik,52,41246,Hr,04-08-2022,Chennai,Resigned,3.01,4687
182,John,59,34018,Hr,08-07-2018,Hyderabad,Active,1.47,18586
183,Sheik,27,126809,Hr,29-07-2015,Delhi,On Leave,3.97,1922
184,Sara,41,81356,Operations,10-02-2017,Delhi,Active,4.01,12260
185,Alice,56,62154,Operations,08-08-2012,Bangalore,Active,3.01,3243
186,Bob,41,89201,It,18-08-2022,Hyderabad,On Leave,4.51,12104
187,Priya,57,85180,It,12-06-2023,Chennai,Resigned,4.39,7359
188,Bob,34,131532,Marketing,08-03-2020,Bangalore,On Leave,1.6,15382
189,Kumar,23,131195,Operations,14-04-2020,Mumbai,Resigned,3.88,17478
190,Kumar,55,129097,Sales,09-01-2015,Chennai,On Leave,3.4,6779
191,Sheik,30,44153,Sales,29-12-2017,Kolkata,Terminated,3.33,13999
192,David,42,30814,Operations,12-12-2010,Chennai,Active,4.79,3443
193,Kumar,45,105916,Hr,25-03-2018,Mumbai,Active,1.4,16328
194,David,59,129131,Sales,23-06-2017,Delhi,Resigned,4.73,10646
195,Alice,23,94644,It,14-01-2018,Chennai,Terminated,1.09,1126
196,Sara,47,95310,Marketing,12-06-2019,Delhi,Active,1.28,8196
197,Kumar,33,74327,Sales,23-03-2019,Kolkata,Active,4.7,14718
198,Alice,20,87901,Unknown,09-07-2019,Delhi,Terminated,1.66,15755
199,Priya,42,49256,Hr,31-05-2018,Hyderabad,Active,4.48,5662
200,Sheik,59,87901,Sales,01-06-2017,Kolkata,Resigned,2.52,10524
201,Alice,28,87545,Unknown,09-08-2019,Delhi,Resigned,4.15,14224
202,Priya,54,55150,Hr,21-06-2011,Chennai,On Leave,4.45,8973
203,Sara,21,38070,Finance,Unknown,Delhi,Resigned,2.92,4600
204,Sheik,43,140616,Marketing,14-06-2015,Hyderabad,On Leave,1.66,14472
205,Kumar,41,124270,Hr,10-01-2023,Chennai,Resigned,1.88,17241
206,Arun,40,57696,Marketing,24-08-2012,Delhi,Terminated,4.9,18072
207,Bob,39,82853,Sales,08-12-2010,Unknown,Terminated,1.34,10916
208,Nina,59,50806,Hr,28-11-2014,Delhi,Active,2.24,10181
209,Sara,42,32482,Unknown,09-08-2012,Hyderabad,On Leave,4.59,3079
210,Priya,49,89676,Sales,31-03-2019,Hyderabad,Resigned,1.15,8311
211,Priya,59,119106,It,28-08-2015,Kolkata,Resigned,2.18,6490
212,Kumar,21,36645,Finance,02-12-2015,Hyderabad,Active,2.99,13342
213,Sara,58,78770,Marketing,28-05-2023,Kolkata,Active,2.09,11093
214,Arun,53,82603,Marketing,Unknown,Mumbai,On Leave,1.1,8643
215,John,51,115382,Sales,07-06-2018,Bangalore,Resigned,1.11,11998
216,Arun,22,142599,Sales,26-10-2016,Chennai,Resigned,3.02,9519
217,John,56,102258,It,24-01-2020,Kolkata,On Leave,1.95,8970
218,Sara,51,117127,It,04-08-2013,Mumbai,Terminated,4.42,19922
219,Sara,35,149235,Finance,14-06-2010,Mumbai,On Leave,1.56,16070
220,David,37,36150,Hr,12-02-2022,Delhi,Resigned,1.34,3198
221,Bob,40,83394,Finance,13-02-2020,Kolkata,Resigned,3.01,14859
222,Bob,48,61419,Finance,09-06-2021,Delhi,Active,4.57,5841
223,Arun,21,124914,Marketing,03-07-2022,Delhi,On Leave,1.14,18939
224,Bob,24,63572,Finance,Unknown,Hyderabad,Resigned,3.01,8083
225,Sara,54,139397,Finance,19-10-2013,Chennai,Terminated,1.56,16517
226,Bob,42,116143,Marketing,25-03-2023,Hyderabad,Active,2.7,4186
227,Priya,36,32573,Finance,22-08-2022,Mumbai,Terminated,3.17,9428
228,Nina,44,90774,Hr,25-07-2013,Bangalore,Resigned,4.34,19435
229,Alice,41,136937,Marketing,08-09-2015,Bangalore,Terminated,1.69,9996
230,John,30,86133,It,16-12-2015,Kolkata,Active,1.47,6475
231,Sara,57,56657,Hr,28-10-2022,Bangalore,On Leave,1.83,9041
232,Arun,41,91396,Operations,06-09-2015,Hyderabad,Terminated,4.6,18029
233,Sara,46,34263,Marketing,02-09-2011,Mumbai,Active,3.01,16156
234,Sheik,26,123065,Marketing,05-09-2014,Kolkata,Terminated,4.35,4028
235,Alice,47,87901,It,05-05-2017,Bangalore,Resigned,2.69,4067
236,David,20,49250,It,10-02-2023,Kolkata,Active,3.41,14081
237,Nina,48,87492,Sales,17-07-2020,Delhi,Active,2.15,7819
238,Alice,58,126999,Marketing,04-06-2013,Mumbai,Terminated,4.8,3711
239,John,41,119399,Finance,21-11-2014,Hyderabad,On Leave,3.01,16507
240,Nina,38,97298,Unknown,25-09-2020,Kolkata,Terminated,2.99,13652
241,Alice,53,77304,Marketing,03-06-2010,Hyderabad,Terminated,2.9,3120
242,Sara,28,65111,Operations,25-05-2013,Bangalore,Active,3.82,19023
243,John,44,43350,Finance,28-07-2021,Hyderabad,Resigned,3.01,9363
244,Sheik,49,50581,Finance,11-05-2016,Delhi,Active,2.26,17314
245,Kumar,36,79481,Sales,20-12-2019,Delhi,On Leave,2.78,10646
246,Nina,35,120327,It,05-12-2010,Bangalore,Terminated,3.93,12344
247,Nina,42,84756,Finance,18-08-2016,Kolkata,On Leave,3.55,6319
248,Arun,41,85761,It,15-03-2020,Mumbai,Active,3.77,14849
249,John,51,67641,Operations,28-02-2023,Kolkata,On Leave,5,17774
250,John,33,67198,It,21-09-2011,Kolkata,On Leave,3.92,10646
251,Bob,27,87901,Hr,06-04-2012,Bangalore,Resigned,4.78,7737
252,Sheik,50,84237,Sales,16-08-2016,Kolkata,Terminated,4.38,10646
253,Priya,58,117312,Hr,28-03-2013,Kolkata,Active,2.46,3667
254,Bob,53,112050,Sales,03-03-2018,Delhi,Resigned,2.76,10646
255,Arun,58,86846,Sales,03-11-2020,Chennai,Terminated,3.16,16317
256,David,44,37564,Operations,01-08-2017,Kolkata,Resigned,3.08,14737
257,Bob,21,104038,Marketing,09-01-2012,Chennai,Resigned,4.48,5346
258,Arun,32,57788,Finance,07-06-2020,Unknown,On Leave,1.28,10005
259,John,48,59629,Hr,26-07-2015,Delhi,Terminated,2.61,9436
260,Priya,35,115431,It,Unknown,Delhi,Terminated,4.94,5361
261,Sara,49,80072,Operations,24-05-2019,Delhi,Terminated,3.09,11816
262,Bob,49,115680,Sales,13-08-2015,Mumbai,On Leave,2.87,3033
263,Bob,23,62913,Sales,06-01-2022,Unknown,Active,1.17,15286
264,Sara,28,34494,Hr,21-08-2012,Chennai,Active,1.87,11233
265,David,56,75028,Finance,27-07-2012,Bangalore,Resigned,3.35,1806
266,Alice,43,136506,Hr,12-02-2015,Delhi,On Leave,4.96,15899
267,Priya,23,84842,Finance,Unknown,Hyderabad,Active,4.32,2389
268,Arun,29,70042,Finance,31-10-2021,Hyderabad,Active,3.01,18320
269,Kumar,22,44199,Marketing,12-07-2020,Chennai,Active,4.2,9245
270,Sheik,42,147424,Hr,06-09-2018,Delhi,Resigned,3.39,10646
271,Nina,54,55425,Operations,11-10-2015,Unknown,Terminated,4.99,8906
272,Arun,57,84028,Hr,11-06-2012,Delhi,Terminated,3.15,5675
273,David,33,113300,Sales,30-01-2020,Delhi,Terminated,2.83,14239
274,Sheik,22,73642,Hr,Unknown,Bangalore,Active,2.91,18602
275,Kumar,44,118801,Marketing,17-09-2013,Chennai,On Leave,1.14,14774
276,Alice,59,72520,Hr,19-11-2013,Delhi,Active,1.35,8291
277,Priya,34,99669,Finance,16-11-2020,Chennai,Resigned,1.2,10105
278,Priya,25,136532,Hr,11-04-2019,Mumbai,Active,1.44,9987
279,Nina,24,116988,Unknown,02-11-2022,Chennai,Terminated,1.25,10646
280,David,51,145005,Hr,24-07-2016,Hyderabad,On Leave,4.63,2591
281,Priya,59,60561,Marketing,05-10-2020,Hyderabad,On Leave,4.46,2312
282,John,25,116231,Finance,11-07-2016,Kolkata,Terminated,3.63,15688
283,Kumar,32,63130,Operations,17-02-2017,Hyderabad,Resigned,3.79,14481
284,Sheik,55,116206,Unknown,27-03-2020,Hyderabad,On Leave,4.01,17106
285,David,50,77638,Finance,19-05-2022,Mumbai,Resigned,1.52,12700
286,John,49,72534,Sales,12-12-2020,Kolkata,Active,1,17077
287,Nina,32,122124,Marketing,28-03-2014,Delhi,Resigned,1.03,10882
288,Bob,36,61966,Hr,17-02-2023,Mumbai,Resigned,1.04,2007
289,John,25,106242,Hr,28-08-2019,Delhi,On Leave,3.17,10439
290,Bob,53,91246,It,06-12-2013,Bangalore,Terminated,3.53,6084
291,Kumar,41,43507,Hr,03-03-2015,Bangalore,On Leave,4.08,10646
292,Sheik,46,142831,Marketing,06-11-2012,Mumbai,On Leave,4.08,9073
293,John,20,50953,Hr,27-09-2018,Kolkata,Resigned,1.18,3353
294,Arun,33,67567,Marketing,18-11-2011,Bangalore,Resigned,4.88,12939
295,Kumar,54,51427,It,25-08-2016,Bangalore,Active,2.53,12296
296,Sheik,41,61598,Hr,13-12-2020,Bangalore,Resigned,4.08,12801
297,David,53,56029,Operations,27-03-2023,Hyderabad,Resigned,4.99,15288
298,David,54,36540,Finance,08-02-2010,Mumbai,Terminated,3.11,3844
299,Nina,48,47482,Sales,29-12-2014,Chennai,Terminated,1.33,14261
300,Sara,39,33093,Marketing,01-09-2019,Chennai,On Leave,2.09,12645
301,Bob,47,63756,Operations,09-04-2021,Bangalore,Resigned,4.64,17133
302,Arun,38,87901,Finance,10-10-2022,Hyderabad,On Leave,4.58,12425
303,Nina,54,56431,Sales,15-05-2018,Kolkata,Resigned,3.61,16883
304,Priya,37,68158,Operations,05-03-2016,Kolkata,Resigned,3.17,7573
305,David,44,35776,Sales,25-01-2020,Hyderabad,Terminated,4.11,9782
306,Priya,46,142301,Finance,13-12-2019,Mumbai,On Leave,4.04,18343
307,Kumar,43,74859,Unknown,01-04-2022,Bangalore,Terminated,3.47,1526
308,Alice,44,77837,Marketing,03-03-2016,Hyderabad,Resigned,3.39,14547
309,Priya,39,64531,Finance,05-06-2011,Delhi,Resigned,1.8,10208
310,Bob,41,35109,Sales,27-04-2010,Unknown,Terminated,3.36,10646
311,Alice,30,59759,Unknown,16-05-2020,Hyderabad,Active,1.6,18773
312,Sara,41,136661,Finance,17-04-2014,Hyderabad,Resigned,3.01,9920
313,Sheik,52,81195,Marketing,Unknown,Chennai,On Leave,4.63,18162
314,Bob,41,99298,Operations,26-04-2014,Kolkata,Resigned,1.97,6791
315,Priya,34,104319,Operations,13-06-2017,Kolkata,Resigned,3.01,17385
316,Sara,52,57424,Sales,27-01-2021,Hyderabad,Terminated,1.33,15451
317,Nina,45,80069,Sales,Unknown,Bangalore,Active,3.01,1089
318,Priya,34,98577,Operations,16-04-2010,Mumbai,On Leave,1.67,19279
319,Nina,30,87901,Finance,27-09-2011,Hyderabad,Active,3.01,7917
320,Arun,28,56015,Sales,07-07-2011,Mumbai,Resigned,3.84,4911
321,Priya,47,33389,Operations,12-01-2013,Delhi,Active,2.36,3430
322,Nina,26,128762,Sales,27-07-2010,Kolkata,Resigned,3.19,17405
323,Sheik,45,63662,Hr,30-05-2011,Delhi,On Leave,1.16,5109
324,David,30,45313,Unknown,05-11-2015,Mumbai,Terminated,3.6,2560
325,Nina,38,50022,Unknown,20-01-2012,Kolkata,Terminated,2.35,19311
326,Alice,48,140198,Sales,14-06-2016,Kolkata,Active,3.63,17690
327,Nina,41,105717,Sales,24-10-2011,Mumbai,Terminated,2.33,3920
328,Bob,22,90315,Operations,25-01-2012,Bangalore,Resigned,3.01,7236
329,David,34,128656,Hr,21-06-2012,Delhi,Active,2.85,8005
330,Alice,40,144846,Sales,01-06-2015,Unknown,Terminated,3.97,9595
331,Nina,56,108339,Marketing,11-08-2017,Delhi,On Leave,2.48,7675
332,Sheik,43,144225,Finance,09-09-2014,Delhi,Terminated,3.06,7563
333,Kumar,53,52015,Sales,08-06-2020,Chennai,On Leave,3.01,12171
334,Alice,25,75350,It,23-12-2020,Bangalore,Active,4.97,13473
335,Sheik,31,148402,Finance,14-06-2011,Delhi,Active,3.53,13765
336,Priya,42,41561,It,28-07-2012,Mumbai,Resigned,2.49,17385
337,Kumar,56,94324,Marketing,19-12-2020,Bangalore,Terminated,2.97,3365
338,Priya,33,100135,Marketing,28-03-2016,Bangalore,Resigned,2.44,9321
339,Alice,58,75893,Sales,22-10-2018,Chennai,Resigned,2.56,3113
340,Arun,54,149044,Sales,09-08-2015,Kolkata,Resigned,3.35,13588
341,Sheik,42,131678,Sales,29-06-2019,Chennai,Resigned,4.53,1629
342,Arun,33,87901,Operations,17-06-2015,Chennai,Resigned,2.8,12083
343,Bob,49,49816,Finance,04-07-2013,Hyderabad,Terminated,2.8,6895
344,Bob,31,118576,Sales,18-06-2016,Kolkata,On Leave,1.67,7099
345,Priya,47,115112,Hr,14-09-2018,Hyderabad,Resigned,3.95,7116
346,John,31,122324,It,10-06-2016,Bangalore,Terminated,4.38,15135
347,Sara,47,113310,It,09-10-2014,Chennai,On Leave,3.23,10646
348,Alice,39,50337,Operations,09-07-2016,Delhi,On Leave,1.23,15846
349,Priya,56,121155,Hr,09-10-2010,Hyderabad,On Leave,3.01,7262
350,Arun,54,116213,It,07-12-2016,Hyderabad,Terminated,4.74,7980
351,Nina,52,39200,Marketing,14-05-2013,Kolkata,On Leave,3.75,9467
352,John,43,133674,Hr,06-05-2010,Unknown,Terminated,4.81,16398
353,David,50,87901,It,24-11-2018,Bangalore,On Leave,2.37,14605
354,Kumar,39,69062,Marketing,21-01-2022,Delhi,On Leave,3.82,11985
355,Alice,27,40225,Hr,Unknown,Mumbai,Resigned,1.38,10991
356,Priya,48,135823,Marketing,18-08-2022,Mumbai,Terminated,4.85,18582
357,Nina,53,78320,Hr,10-10-2016,Mumbai,Active,3.73,16504
358,Nina,45,66487,Hr,30-10-2010,Delhi,On Leave,3.28,18370
359,John,27,67208,Marketing,11-06-2023,Chennai,On Leave,4.67,10646
360,Arun,38,109134,It,22-07-2018,Mumbai,On Leave,3.67,12865
361,Alice,47,87901,Sales,05-12-2011,Bangalore,On Leave,1.19,6704
362,Sheik,52,103384,Marketing,05-02-2023,Kolkata,Active,4.01,1488
363,Sara,30,55923,Sales,30-01-2020,Mumbai,Active,2.62,2667
364,Sara,57,34114,Marketing,24-09-2019,Mumbai,On Leave,4.05,2000
365,David,42,55426,Finance,20-10-2013,Kolkata,Active,4.27,10646
366,Sara,26,87901,Operations,04-08-2017,Mumbai,Active,2.3,5806
367,Arun,34,39108,Unknown,30-11-2020,Bangalore,Resigned,3.01,6592
368,Sheik,52,140896,Finance,06-01-2012,Bangalore,Terminated,2.49,15437
369,Alice,45,139834,Unknown,04-04-2018,Bangalore,Active,3.67,3989
370,Alice,28,137522,Unknown,01-08-2020,Mumbai,Resigned,4.81,11693
371,Sheik,41,87901,Operations,23-03-2013,Mumbai,On Leave,1.44,17353
372,Sheik,56,57598,Marketing,26-03-2019,Delhi,On Leave,2.91,9234
373,Alice,42,87901,Operations,20-12-2016,Chennai,Resigned,3.86,7570
374,John,40,87901,Finance,11-10-2012,Delhi,Active,4.59,7542
375,Priya,44,87901,Hr,09-05-2021,Delhi,Active,1.24,14076
376,Kumar,32,67650,Operations,21-08-2012,Mumbai,Active,2.03,4610
377,Priya,48,102430,Finance,16-04-2010,Delhi,On Leave,3.44,10873
378,John,21,74976,Finance,21-03-2017,Mumbai,Terminated,2.65,2286
379,Bob,50,74139,Sales,Unknown,Bangalore,Active,2.18,16600
380,David,55,149891,Finance,15-01-2014,Bangalore,Terminated,1.35,10600
381,Alice,32,110758,Finance,24-07-2013,Bangalore,Resigned,4.54,5616
382,Priya,34,111929,Finance,22-08-2016,Hyderabad,Active,2.44,7295
383,Arun,35,145760,Operations,31-10-2018,Unknown,Resigned,2.02,13337
384,Sheik,43,85826,Hr,01-02-2020,Kolkata,Terminated,2.69,4273
385,David,44,95681,Sales,29-04-2018,Hyderabad,On Leave,2.7,17866
386,Arun,53,124880,Hr,23-09-2011,Kolkata,Terminated,3.14,9853
387,Sara,56,46014,Marketing,02-10-2016,Kolkata,On Leave,3.43,10160
388,Priya,33,145788,Finance,17-03-2011,Bangalore,Terminated,2.99,1769
389,Bob,54,34358,Hr,18-03-2020,Mumbai,Active,2.62,12543
390,Sara,38,68467,Sales,26-05-2013,Mumbai,Active,2.35,7764
391,Sheik,55,141335,Marketing,07-03-2022,Hyderabad,Terminated,3.38,17456
392,Arun,27,84624,Marketing,30-03-2015,Mumbai,Active,2.37,18091
393,Bob,32,102240,Hr,02-03-2020,Mumbai,Resigned,3.68,3475
394,David,46,34255,It,24-09-2017,Mumbai,On Leave,4.52,10646
395,Bob,22,104069,Marketing,06-08-2017,Bangalore,Terminated,3.01,10686
396,Sara,49,83363,Sales,24-10-2011,Chennai,On Leave,3.25,15788
397,Nina,32,78604,Operations,23-05-2016,Bangalore,Resigned,4.02,1207
398,Alice,49,128936,Finance,04-10-2015,Hyderabad,Active,4.02,14711
399,Priya,31,50103,Hr,06-01-2017,Chennai,On Leave,4.71,1236
400,Sheik,42,132747,It,09-12-2022,Bangalore,Resigned,3.01,9555
401,Sara,20,127912,It,13-10-2010,Mumbai,Active,3.08,5895
402,Kumar,52,145700,Unknown,02-10-2017,Chennai,Resigned,3.01,10715
403,Sheik,53,148413,Unknown,13-07-2022,Chennai,Resigned,1.91,19792
404,David,40,65585,Finance,01-11-2016,Mumbai,Resigned,2.22,6299
405,Sara,42,48073,Operations,12-12-2018,Bangalore,Terminated,4.49,18826
406,Alice,41,95450,Finance,31-12-2015,Chennai,Active,4.97,5107
407,Nina,57,55169,Marketing,01-01-2015,Hyderabad,Resigned,3.7,13265
408,Sara,49,103165,Sales,14-05-2010,Kolkata,Terminated,1.57,8693
409,John,28,108222,It,27-07-2021,Hyderabad,Resigned,1.89,8373
410,Bob,39,85249,Operations,10-12-2021,Bangalore,On Leave,4.29,9984
411,Sheik,52,87901,Hr,05-04-2010,Chennai,Active,2.95,10646
412,Kumar,22,65298,Finance,15-05-2015,Bangalore,Resigned,4.3,6772
413,Nina,53,144055,Hr,12-02-2018,Mumbai,Active,3.01,17920
414,Bob,34,76659,Operations,25-07-2021,Kolkata,Resigned,2.73,12916
415,Nina,50,63613,Finance,13-11-2019,Hyderabad,Active,2.76,3494
416,Alice,25,147407,It,28-02-2015,Mumbai,Resigned,1.07,6179
417,Kumar,42,102146,Sales,08-05-2015,Chennai,Resigned,2.84,4850
418,Bob,50,149863,Sales,02-04-2011,Mumbai,Terminated,2.72,13168
419,David,54,91588,Finance,25-03-2013,Kolkata,On Leave,2.21,10074
420,Nina,26,127359,Marketing,04-02-2011,Hyderabad,Active,1.25,15083
421,Sheik,58,84823,Sales,19-11-2015,Bangalore,Resigned,3.46,10011
422,Nina,48,137315,Operations,24-02-2011,Bangalore,Resigned,3.11,16422
423,Sara,56,62371,Finance,07-02-2012,Delhi,Resigned,1.78,2549
424,David,26,39956,It,30-03-2017,Chennai,On Leave,4.86,5481
425,Arun,46,87901,Finance,12-04-2016,Mumbai,Active,4.16,11900
426,Sara,41,54022,Hr,19-06-2012,Hyderabad,Active,1.86,15828
427,David,40,46052,Finance,13-07-2016,Bangalore,Active,1.26,1671
428,Sheik,55,71424,Hr,01-05-2018,Kolkata,Resigned,3.01,10646
429,Kumar,40,147043,Finance,18-09-2021,Bangalore,Terminated,1.6,11749
430,Kumar,23,55121,Hr,03-12-2022,Delhi,On Leave,3.95,8394
431,Bob,48,56035,Operations,26-07-2019,Kolkata,Terminated,2.57,11636
432,Arun,36,33191,Marketing,Unknown,Hyderabad,On Leave,4.77,17955
433,Kumar,41,72080,Operations,30-08-2010,Mumbai,Terminated,1.15,19663
434,David,40,137210,Operations,17-04-2023,Mumbai,Terminated,3.64,19631
435,Sara,34,103616,Operations,01-10-2020,Hyderabad,Resigned,3.07,15916
436,Nina,51,135387,Sales,19-11-2015,Chennai,Active,3.01,10646
437,Kumar,43,119570,Hr,04-06-2017,Mumbai,Terminated,1.14,17531
438,Nina,40,124439,Sales,02-09-2020,Delhi,Active,2.85,16587
439,Nina,30,100067,Hr,22-04-2022,Delhi,On Leave,4.77,9964
440,Alice,49,106295,Finance,23-04-2014,Mumbai,Active,1.33,7511
441,Sheik,47,53888,It,31-05-2013,Chennai,Resigned,4.13,3376
442,Nina,21,126718,It,13-03-2018,Unknown,Terminated,1.04,19211
443,Priya,23,56189,Operations,29-06-2014,Chennai,Terminated,3.58,7910
444,Arun,29,64964,Finance,05-04-2020,Delhi,Active,2.17,18153
445,Bob,32,138212,Hr,27-11-2020,Hyderabad,Active,4.25,17905
446,Kumar,34,88279,Finance,09-02-2016,Hyderabad,On Leave,1.38,5583
447,Kumar,33,85419,It,15-02-2020,Chennai,Active,4.77,3461
448,Arun,39,76804,Operations,18-11-2018,Chennai,On Leave,1.79,1685
449,David,40,107794,It,17-04-2014,Hyderabad,Active,2.27,17422
450,Kumar,31,80408,Marketing,10-03-2018,Delhi,On Leave,2.01,8165
451,Kumar,40,45997,Operations,29-10-2010,Bangalore,Active,3.91,18030
452,Kumar,42,87901,Operations,26-10-2014,Mumbai,Terminated,1.71,11773
453,John,47,123980,Operations,08-09-2019,Kolkata,Active,1.43,13500
454,Nina,34,87901,Operations,10-10-2010,Kolkata,Resigned,4.86,5082
455,Priya,42,50567,Finance,06-04-2011,Bangalore,On Leave,2.65,10646
456,Priya,52,38706,Marketing,04-12-2011,Chennai,On Leave,1.42,17406
457,Priya,48,59725,Finance,28-07-2013,Unknown,On Leave,4.04,9553
458,Sheik,35,95095,It,08-07-2013,Bangalore,On Leave,4.53,7019
459,Alice,59,92946,Marketing,30-01-2015,Delhi,Active,4.2,12754
460,Bob,44,33081,Hr,29-11-2013,Delhi,Active,3.93,15566
461,Sara,46,55498,Hr,04-08-2018,Bangalore,On Leave,2.42,6132
462,John,28,147235,Operations,27-02-2018,Delhi,Terminated,1.02,11805
463,Kumar,31,56832,Finance,03-11-2012,Bangalore,On Leave,4,8604
464,John,39,147322,Hr,27-11-2020,Mumbai,Terminated,1.6,6110
465,John,25,42087,Finance,29-01-2013,Kolkata,Resigned,1.5,10596
466,Arun,23,137539,Operations,Unknown,Chennai,On Leave,3.01,17610
467,Sara,45,97364,It,19-06-2023,Unknown,Active,3.78,15537
468,David,57,94429,Finance,23-09-2021,Mumbai,Resigned,4.18,16379
469,Arun,36,57766,Finance,15-03-2017,Mumbai,Terminated,2.92,4586
470,John,43,78868,It,18-02-2022,Kolkata,Active,1.9,7643
471,Bob,23,66727,Operations,14-09-2017,Chennai,Resigned,2.95,10646
472,Bob,37,44226,Finance,04-12-2018,Chennai,Active,4.3,13080
473,David,38,108229,Hr,26-10-2011,Chennai,Resigned,2.34,1541
474,Arun,57,43428,Unknown,22-02-2018,Mumbai,Active,4.3,11258
475,Bob,55,35469,Operations,18-09-2021,Mumbai,On Leave,3.94,11720
476,John,37,129134,Sales,10-07-2014,Hyderabad,Terminated,1.25,10518
477,Kumar,30,46184,Marketing,16-10-2012,Kolkata,Resigned,2.2,13448
478,John,36,75253,Sales,07-07-2013,Chennai,Terminated,2.98,19394
479,David,41,130037,Unknown,27-10-2015,Chennai,Terminated,3.99,17230
480,Arun,28,141193,Sales,04-07-2019,Hyderabad,On Leave,1.81,9329
481,Priya,22,84220,It,14-02-2020,Hyderabad,Terminated,3.34,3757
482,Priya,36,120106,Marketing,16-03-2015,Unknown,Resigned,4.13,18833
483,Nina,54,100553,Hr,21-10-2022,Mumbai,Terminated,4.37,11195
484,Kumar,40,143737,Hr,05-12-2011,Hyderabad,On Leave,3.01,16941
485,Bob,45,49715,Unknown,17-12-2022,Kolkata,On Leave,3.91,10646
486,John,54,124848,Sales,10-10-2017,Bangalore,Active,3.92,11053
487,Kumar,41,97155,Operations,18-09-2022,Unknown,Resigned,1.05,2431
488,John,49,39557,Marketing,28-05-2013,Kolkata,Terminated,2.1,2974
489,David,47,103997,Operations,24-09-2011,Bangalore,On Leave,4.9,3014
490,David,44,62972,It,Unknown,Mumbai,Resigned,1.26,6347
491,Arun,39,70785,It,16-04-2016,Unknown,Resigned,3.25,16892
492,Nina,23,47073,Marketing,14-12-2020,Chennai,Terminated,4.09,15289
493,Arun,51,37927,Marketing,17-03-2013,Chennai,Terminated,1.51,10135
494,John,26,95428,Unknown,20-12-2013,Mumbai,Resigned,4.31,4959
495,Arun,33,100968,Finance,31-08-2021,Mumbai,Resigned,4.93,2753
496,Sheik,56,127239,Finance,10-06-2016,Chennai,Resigned,2.86,11123
497,Nina,52,37345,Finance,08-12-2022,Hyderabad,Resigned,1.9,16352
498,Nina,26,63365,Finance,21-05-2018,Mumbai,Resigned,3.18,10879
499,Alice,53,101707,It,22-09-2015,Unknown,On Leave,1.27,12861
500,Bob,36,97169,Marketing,26-02-2014,Hyderabad,On Leave,2.83,4648
